파일,역할
펫유치원 (1).webp,시술
펫유치원 (10).webp,시술
펫유치원 (11).webp,시술
펫유치원 (12).webp,시술
펫유치원 (13).webp,시술
펫유치원 (14).webp,시술
펫유치원 (15).webp,시술
펫유치원 (16).webp,시술
펫유치원 (17).webp,시술
펫유치원 (18).webp,시술
펫유치원 (19).webp,시술
펫유치원 (2).webp,시술
펫유치원 (3).webp,시술
펫유치원 (4).webp,시술
펫유치원 (5).webp,시술
펫유치원 (6).webp,시술
펫유치원 (7).webp,시술
펫유치원 (8).webp,시술
펫유치원 (9).webp,시술
펫유치원.webp,시술
인물 - 1.webp,인물
인물 - 12.webp,인물
인물 - 13.webp,인물
인물 - 14.webp,인물
인물 - 15.webp,인물
인물 - 16.webp,인물
인물 - 17.webp,인물
인물 - 18.webp,인물
인물 - 19.webp,인물
인물 - 2.webp,인물
인물 - 20.webp,인물
인물 - 4.webp,인물
인물 - 5.webp,인물
인물 - 6.webp,인물
인물 - 7.webp,인물
인물 - 8.webp,인물
인물 - 9.webp,인물
