"화면ID","화면명","어떤 자리","종류","권장 크기","지금 들어간 사진"
"AC0201","내 정보·배송지","프로필","인물","400×400","인물 - 1.webp"
"AC0201","내 정보·배송지","프로필","인물","400×400","인물 - 2.webp"
"AC0202","내 정보·배송지 > 배송지 추가 폼","프로필","인물","400×400","인물 - 4.webp"
"AC0203","내 정보·배송지 > 결제수단 관리","프로필","인물","400×400","인물 - 5.webp"
"AC0204","내 정보·배송지 > 진행자 전환 안내","프로필","인물","400×400","인물 - 6.webp"
"AC0301","알림 설정","프로필","인물","400×400","인물 - 7.webp"
"AC0302","알림 설정 > 방해금지 설정","프로필","인물","400×400","인물 - 8.webp"
"AC0303","알림 설정 > 마케팅 수신 철회","프로필","인물","400×400","인물 - 9.webp"
"CS0101","이용 안내·자주 묻는 질문","프로필","인물","400×400","인물 - 12.webp"
"CS0102","이용 안내·자주 묻는 질문 > 진행자용 탭","프로필","인물","400×400","인물 - 13.webp"
"CS0103","이용 안내·자주 묻는 질문 > 검색 결과","프로필","인물","400×400","인물 - 14.webp"
"CS0201","1:1 문의","프로필","인물","400×400","인물 - 15.webp"
"CS0202","1:1 문의 > 문의 작성","프로필","인물","400×400","인물 - 16.webp"
"CS0203","1:1 문의 > 내 문의 상세","프로필","인물","400×400","인물 - 17.webp"
"CS0203","1:1 문의 > 내 문의 상세","프로필","인물","400×400","인물 - 18.webp"
"CS0203","1:1 문의 > 내 문의 상세","첨부 사진","시술","1000×1000","제품 - 1.webp"
"CS0301","공지·이벤트","프로필","인물","400×400","인물 - 19.webp"
"CS0302","공지·이벤트 > 공지 상세","프로필","인물","400×400","인물 - 20.webp"
"CS0303","공지·이벤트 > 이벤트 상세","프로필","인물","400×400","인물 - 1.webp"
"CS0303","공지·이벤트 > 이벤트 상세","이벤트 배너","시술","1600×600","제품 - 2.webp"
"CS0401","환불·분쟁 정책 안내","프로필","인물","400×400","인물 - 2.webp"
"CS0402","환불·분쟁 정책 안내 > 분쟁 처리 절차","프로필","인물","400×400","인물 - 4.webp"
"CS0403","환불·분쟁 정책 안내 > 신고 접수","프로필","인물","400×400","인물 - 5.webp"
"DE0101","공구 상세","프로필","인물","400×400","인물 - 6.webp"
"DE0101","공구 상세","상품 대표 사진","시술","1000×1000","제품 - 6.webp"
"DE0101","공구 상세","시술","시술","1000×1000","제품 - 7.webp"
"DE0101","공구 상세","시술","시술","1000×1000","제품 - 8.webp"
"DE0101","공구 상세","프로필","인물","400×400","인물 - 7.webp"
"DE0101","공구 상세","프로필","인물","400×400","인물 - 8.webp"
"DE0101","공구 상세","후기 사진","후기","1000×1000","제품 - 4.webp"
"DE0101","공구 상세","후기 사진","후기","1000×1000","제품 - 10.webp"
"DE0101","공구 상세","프로필","인물","400×400","인물 - 9.webp"
"DE0101","공구 상세","프로필","인물","400×400","인물 - 12.webp"
"DE0101","공구 상세","후기 사진","후기","1000×1000","제품 - 19.webp"
"DE0101","공구 상세","후기 사진","후기","1000×1000","제품 - 20.webp"
"DE0102","공구 상세 > 상품정보 탭","프로필","인물","400×400","인물 - 13.webp"
"DE0102","공구 상세 > 상품정보 탭","상품 대표 사진","시술","1000×1000","제품 - 9.webp"
"DE0102","공구 상세 > 상품정보 탭","시술","시술","1000×1000","제품 - 11.webp"
"DE0102","공구 상세 > 상품정보 탭","시술","시술","1000×1000","제품 - 12.webp"
"DE0102","공구 상세 > 상품정보 탭","상품 상세 이미지","시술","1000×1400","제품 - 13.webp"
"DE0102","공구 상세 > 상품정보 탭","상품 상세 이미지","시술","1000×1400","제품 - 14.webp"
"DE0102","공구 상세 > 상품정보 탭","상품 상세 이미지","시술","1000×1400","제품 - 15.webp"
"DE0103","공구 상세 > 후기 탭","프로필","인물","400×400","인물 - 14.webp"
"DE0103","공구 상세 > 후기 탭","상품 대표 사진","시술","1000×1000","제품 - 16.webp"
"DE0103","공구 상세 > 후기 탭","시술","시술","1000×1000","제품 - 17.webp"
"DE0103","공구 상세 > 후기 탭","시술","시술","1000×1000","제품 - 18.webp"
"DE0103","공구 상세 > 후기 탭","시술","시술","1000×1000","제품 - 1.webp"
"DE0103","공구 상세 > 후기 탭","시술","시술","1000×1000","제품 - 2.webp"
"DE0103","공구 상세 > 후기 탭","시술","시술","1000×1000","제품 - 6.webp"
"DE0103","공구 상세 > 후기 탭","시술","시술","1000×1000","제품 - 7.webp"
"DE0103","공구 상세 > 후기 탭","시술","시술","1000×1000","제품 - 8.webp"
"DE0103","공구 상세 > 후기 탭","시술","시술","1000×1000","제품 - 9.webp"
"DE0103","공구 상세 > 후기 탭","프로필","인물","400×400","인물 - 15.webp"
"DE0103","공구 상세 > 후기 탭","후기 사진","후기","1000×1000","제품 - 4.webp"
"DE0103","공구 상세 > 후기 탭","후기 사진","후기","1000×1000","제품 - 10.webp"
"DE0103","공구 상세 > 후기 탭","프로필","인물","400×400","인물 - 16.webp"
"DE0103","공구 상세 > 후기 탭","프로필","인물","400×400","인물 - 17.webp"
"DE0103","공구 상세 > 후기 탭","후기 사진","후기","1000×1000","제품 - 19.webp"
"DE0103","공구 상세 > 후기 탭","후기 사진","후기","1000×1000","제품 - 20.webp"
"DE0103","공구 상세 > 후기 탭","프로필","인물","400×400","인물 - 18.webp"
"DE0104","공구 상세 > 문의 탭","프로필","인물","400×400","인물 - 19.webp"
"DE0104","공구 상세 > 문의 탭","상품 대표 사진","시술","1000×1000","제품 - 11.webp"
"DE0104","공구 상세 > 문의 탭","시술","시술","1000×1000","제품 - 12.webp"
"DE0104","공구 상세 > 문의 탭","시술","시술","1000×1000","제품 - 13.webp"
"DE0105","공구 상세 > 다음 단계 도달 상태","프로필","인물","400×400","인물 - 20.webp"
"DE0105","공구 상세 > 다음 단계 도달 상태","상품 대표 사진","시술","1000×1000","제품 - 14.webp"
"DE0105","공구 상세 > 다음 단계 도달 상태","시술","시술","1000×1000","제품 - 15.webp"
"DE0105","공구 상세 > 다음 단계 도달 상태","시술","시술","1000×1000","제품 - 16.webp"
"DE0105","공구 상세 > 다음 단계 도달 상태","프로필","인물","400×400","인물 - 1.webp"
"DE0105","공구 상세 > 다음 단계 도달 상태","프로필","인물","400×400","인물 - 2.webp"
"DE0105","공구 상세 > 다음 단계 도달 상태","후기 사진","후기","1000×1000","제품 - 4.webp"
"DE0105","공구 상세 > 다음 단계 도달 상태","후기 사진","후기","1000×1000","제품 - 10.webp"
"DE0105","공구 상세 > 다음 단계 도달 상태","프로필","인물","400×400","인물 - 4.webp"
"DE0105","공구 상세 > 다음 단계 도달 상태","프로필","인물","400×400","인물 - 5.webp"
"DE0105","공구 상세 > 다음 단계 도달 상태","후기 사진","후기","1000×1000","제품 - 19.webp"
"DE0105","공구 상세 > 다음 단계 도달 상태","후기 사진","후기","1000×1000","제품 - 20.webp"
"DE0106","공구 상세 > 1인 최대수량 초과","프로필","인물","400×400","인물 - 6.webp"
"DE0106","공구 상세 > 1인 최대수량 초과","상품 대표 사진","시술","1000×1000","제품 - 17.webp"
"DE0106","공구 상세 > 1인 최대수량 초과","시술","시술","1000×1000","제품 - 18.webp"
"DE0106","공구 상세 > 1인 최대수량 초과","시술","시술","1000×1000","제품 - 1.webp"
"DE0106","공구 상세 > 1인 최대수량 초과","프로필","인물","400×400","인물 - 7.webp"
"DE0106","공구 상세 > 1인 최대수량 초과","프로필","인물","400×400","인물 - 8.webp"
"DE0106","공구 상세 > 1인 최대수량 초과","후기 사진","후기","1000×1000","제품 - 4.webp"
"DE0106","공구 상세 > 1인 최대수량 초과","후기 사진","후기","1000×1000","제품 - 10.webp"
"DE0106","공구 상세 > 1인 최대수량 초과","프로필","인물","400×400","인물 - 9.webp"
"DE0106","공구 상세 > 1인 최대수량 초과","프로필","인물","400×400","인물 - 12.webp"
"DE0106","공구 상세 > 1인 최대수량 초과","후기 사진","후기","1000×1000","제품 - 19.webp"
"DE0106","공구 상세 > 1인 최대수량 초과","후기 사진","후기","1000×1000","제품 - 20.webp"
"DE0201","상품 상세정보·거래 조건","프로필","인물","400×400","인물 - 13.webp"
"DE0201","상품 상세정보·거래 조건","상품 상세 이미지","시술","1000×1400","제품 - 2.webp"
"DE0201","상품 상세정보·거래 조건","상품 상세 이미지","시술","1000×1400","제품 - 6.webp"
"DE0201","상품 상세정보·거래 조건","상품 상세 이미지","시술","1000×1400","제품 - 7.webp"
"DE0202","상품 상세정보·거래 조건 > 배송/환불 탭","프로필","인물","400×400","인물 - 14.webp"
"DE0203","상품 상세정보·거래 조건 > 판매자 정보 탭","프로필","인물","400×400","인물 - 15.webp"
"DE0203","상품 상세정보·거래 조건 > 판매자 정보 탭","프로필","인물","400×400","인물 - 16.webp"
"DE0203","상품 상세정보·거래 조건 > 판매자 정보 탭","시술","시술","1000×1000","제품 - 8.webp"
"DE0203","상품 상세정보·거래 조건 > 판매자 정보 탭","시술","시술","1000×1000","제품 - 9.webp"
"DE0203","상품 상세정보·거래 조건 > 판매자 정보 탭","시술","시술","1000×1000","제품 - 11.webp"
"DE0301","공구 마감 - 성사","프로필","인물","400×400","인물 - 17.webp"
"DE0301","공구 마감 - 성사","시술","시술","1000×1000","제품 - 12.webp"
"DE0301","공구 마감 - 성사","시술","시술","1000×1000","제품 - 13.webp"
"DE0301","공구 마감 - 성사","시술","시술","1000×1000","제품 - 14.webp"
"DE0302","공구 마감 - 성사 > 배송 준비 안내","프로필","인물","400×400","인물 - 18.webp"
"DE0401","공구 마감 - 불발(미달)","프로필","인물","400×400","인물 - 19.webp"
"DE0401","공구 마감 - 불발(미달)","시술","시술","1000×1000","제품 - 15.webp"
"DE0401","공구 마감 - 불발(미달)","시술","시술","1000×1000","제품 - 16.webp"
"DE0401","공구 마감 - 불발(미달)","시술","시술","1000×1000","제품 - 17.webp"
"DE0402","공구 마감 - 불발(미달) > 환불 진행 중","프로필","인물","400×400","인물 - 20.webp"
"DE0403","공구 마감 - 불발(미달) > 환불 완료","프로필","인물","400×400","인물 - 1.webp"
"DE0403","공구 마감 - 불발(미달) > 환불 완료","시술","시술","1000×1000","제품 - 18.webp"
"DE0403","공구 마감 - 불발(미달) > 환불 완료","시술","시술","1000×1000","제품 - 1.webp"
"DE0403","공구 마감 - 불발(미달) > 환불 완료","시술","시술","1000×1000","제품 - 2.webp"
"HM0101","진행자 대시보드","프로필","인물","400×400","인물 - 2.webp"
"HM0102","진행자 대시보드 > 미달 위험 강조","프로필","인물","400×400","인물 - 4.webp"
"HM0103","진행자 대시보드 > 빈 상태(공구 없음)","프로필","인물","400×400","인물 - 5.webp"
"HM0103","진행자 대시보드 > 빈 상태(공구 없음)","프로필","인물","400×400","인물 - 6.webp"
"HM0103","진행자 대시보드 > 빈 상태(공구 없음)","프로필","인물","400×400","인물 - 7.webp"
"HM0201","공구별 참여 현황","프로필","인물","400×400","인물 - 8.webp"
"HM0201","공구별 참여 현황","프로필","인물","400×400","인물 - 9.webp"
"HM0201","공구별 참여 현황","프로필","인물","400×400","인물 - 12.webp"
"HM0201","공구별 참여 현황","프로필","인물","400×400","인물 - 13.webp"
"HM0201","공구별 참여 현황","프로필","인물","400×400","인물 - 14.webp"
"HM0201","공구별 참여 현황","프로필","인물","400×400","인물 - 15.webp"
"HM0201","공구별 참여 현황","프로필","인물","400×400","인물 - 16.webp"
"HM0202","공구별 참여 현황 > 참여자 목록 상세","프로필","인물","400×400","인물 - 17.webp"
"HM0202","공구별 참여 현황 > 참여자 목록 상세","프로필","인물","400×400","인물 - 18.webp"
"HM0202","공구별 참여 현황 > 참여자 목록 상세","프로필","인물","400×400","인물 - 19.webp"
"HM0202","공구별 참여 현황 > 참여자 목록 상세","프로필","인물","400×400","인물 - 20.webp"
"HM0202","공구별 참여 현황 > 참여자 목록 상세","프로필","인물","400×400","인물 - 1.webp"
"HM0202","공구별 참여 현황 > 참여자 목록 상세","프로필","인물","400×400","인물 - 2.webp"
"HM0202","공구별 참여 현황 > 참여자 목록 상세","프로필","인물","400×400","인물 - 4.webp"
"HM0202","공구별 참여 현황 > 참여자 목록 상세","프로필","인물","400×400","인물 - 5.webp"
"HM0202","공구별 참여 현황 > 참여자 목록 상세","프로필","인물","400×400","인물 - 6.webp"
"HM0202","공구별 참여 현황 > 참여자 목록 상세","프로필","인물","400×400","인물 - 7.webp"
"HM0202","공구별 참여 현황 > 참여자 목록 상세","프로필","인물","400×400","인물 - 8.webp"
"HM0202","공구별 참여 현황 > 참여자 목록 상세","프로필","인물","400×400","인물 - 9.webp"
"HM0202","공구별 참여 현황 > 참여자 목록 상세","프로필","인물","400×400","인물 - 12.webp"
"HM0203","공구별 참여 현황 > 시간대 추이","프로필","인물","400×400","인물 - 13.webp"
"HM0204","공구별 참여 현황 > 내보내기","프로필","인물","400×400","인물 - 14.webp"
"HM0301","마감·성사 처리","프로필","인물","400×400","인물 - 15.webp"
"HM0301","마감·성사 처리","상품 사진","시술","1000×1000","제품 - 6.webp"
"HM0302","마감·성사 처리 > 마감 연장 옵션","프로필","인물","400×400","인물 - 16.webp"
"HM0303","마감·성사 처리 > 불발 처리 확인","프로필","인물","400×400","인물 - 17.webp"
"HM0304","마감·성사 처리 > 성사 확정 모달","프로필","인물","400×400","인물 - 18.webp"
"HM0401","발주·배송 관리","프로필","인물","400×400","인물 - 19.webp"
"HM0401","발주·배송 관리","프로필","인물","400×400","인물 - 20.webp"
"HM0401","발주·배송 관리","프로필","인물","400×400","인물 - 1.webp"
"HM0401","발주·배송 관리","프로필","인물","400×400","인물 - 2.webp"
"HM0401","발주·배송 관리","프로필","인물","400×400","인물 - 4.webp"
"HM0401","발주·배송 관리","프로필","인물","400×400","인물 - 5.webp"
"HM0401","발주·배송 관리","프로필","인물","400×400","인물 - 6.webp"
"HM0401","발주·배송 관리","프로필","인물","400×400","인물 - 7.webp"
"HM0402","발주·배송 관리 > 발주서 생성","프로필","인물","400×400","인물 - 8.webp"
"HM0403","발주·배송 관리 > 송장 일괄 등록","프로필","인물","400×400","인물 - 9.webp"
"HM0404","발주·배송 관리 > 배송 지연 공지","프로필","인물","400×400","인물 - 12.webp"
"HM0405","발주·배송 관리 > 반품·교환 접수","프로필","인물","400×400","인물 - 13.webp"
"HM0405","발주·배송 관리 > 반품·교환 접수","프로필","인물","400×400","인물 - 14.webp"
"HM0405","발주·배송 관리 > 반품·교환 접수","접수 사진","시술","1000×1000","제품 - 7.webp"
"HM0405","발주·배송 관리 > 반품·교환 접수","접수 사진","시술","1000×1000","제품 - 8.webp"
"HM0405","발주·배송 관리 > 반품·교환 접수","프로필","인물","400×400","인물 - 15.webp"
"HM0405","발주·배송 관리 > 반품·교환 접수","프로필","인물","400×400","인물 - 16.webp"
"HM0405","발주·배송 관리 > 반품·교환 접수","프로필","인물","400×400","인물 - 17.webp"
"HM0501","참여자 공지·알림 발송","프로필","인물","400×400","인물 - 18.webp"
"HM0502","참여자 공지·알림 발송 > 예약 발송","프로필","인물","400×400","인물 - 19.webp"
"HM0503","참여자 공지·알림 발송 > 발송 이력","프로필","인물","400×400","인물 - 20.webp"
"HO0101","홈","프로필","인물","400×400","인물 - 1.webp"
"HO0101","홈","시술","시술","1000×1000","제품 - 9.webp"
"HO0101","홈","시술","시술","1000×1000","제품 - 11.webp"
"HO0101","홈","시술","시술","1000×1000","제품 - 12.webp"
"HO0101","홈","시술","시술","1000×1000","제품 - 13.webp"
"HO0101","홈","시술","시술","1000×1000","제품 - 14.webp"
"HO0101","홈","시술","시술","1000×1000","제품 - 15.webp"
"HO0101","홈","시술","시술","1000×1000","제품 - 16.webp"
"HO0101","홈","시술","시술","1000×1000","제품 - 17.webp"
"HO0101","홈","시술","시술","1000×1000","제품 - 18.webp"
"HO0101","홈","시술","시술","1000×1000","제품 - 1.webp"
"HO0101","홈","시술","시술","1000×1000","제품 - 2.webp"
"HO0101","홈","시술","시술","1000×1000","제품 - 6.webp"
"HO0101","홈","시술","시술","1000×1000","제품 - 7.webp"
"HO0101","홈","시술","시술","1200×600","제품 - 8.webp"
"HO0102","홈 > 로그인 상태(개인화)","프로필","인물","400×400","인물 - 2.webp"
"HO0102","홈 > 로그인 상태(개인화)","시술","시술","1000×1000","제품 - 9.webp"
"HO0102","홈 > 로그인 상태(개인화)","시술","시술","1000×1000","제품 - 11.webp"
"HO0102","홈 > 로그인 상태(개인화)","시술","시술","1000×1000","제품 - 12.webp"
"HO0102","홈 > 로그인 상태(개인화)","시술","시술","1000×1000","제품 - 13.webp"
"HO0102","홈 > 로그인 상태(개인화)","시술","시술","1000×1000","제품 - 14.webp"
"HO0102","홈 > 로그인 상태(개인화)","시술","시술","1000×1000","제품 - 15.webp"
"HO0102","홈 > 로그인 상태(개인화)","시술","시술","1000×1000","제품 - 16.webp"
"HO0102","홈 > 로그인 상태(개인화)","시술","시술","1000×1000","제품 - 17.webp"
"HO0102","홈 > 로그인 상태(개인화)","시술","시술","1000×1000","제품 - 18.webp"
"HO0103","홈 > 오픈 예정 섹션","프로필","인물","400×400","인물 - 4.webp"
"HO0103","홈 > 오픈 예정 섹션","시술","시술","1000×1000","제품 - 1.webp"
"HO0103","홈 > 오픈 예정 섹션","시술","시술","1000×1000","제품 - 2.webp"
"HO0103","홈 > 오픈 예정 섹션","시술","시술","1000×1000","제품 - 6.webp"
"HO0103","홈 > 오픈 예정 섹션","시술","시술","1000×1000","제품 - 7.webp"
"HO0103","홈 > 오픈 예정 섹션","시술","시술","1000×1000","제품 - 8.webp"
"HO0103","홈 > 오픈 예정 섹션","시술","시술","1000×1000","제품 - 9.webp"
"HO0103","홈 > 오픈 예정 섹션","시술","시술","1000×1000","제품 - 11.webp"
"HO0104","홈 > 진행 공구 없음(빈 상태)","프로필","인물","400×400","인물 - 5.webp"
"HO0104","홈 > 진행 공구 없음(빈 상태)","상품 사진","시술","1000×1000","제품 - 12.webp"
"HO0104","홈 > 진행 공구 없음(빈 상태)","상품 사진","시술","1000×1000","제품 - 13.webp"
"HO0104","홈 > 진행 공구 없음(빈 상태)","상품 사진","시술","1000×1000","제품 - 14.webp"
"HO0104","홈 > 진행 공구 없음(빈 상태)","상품 사진","시술","1000×1000","제품 - 15.webp"
"HO0201","공구 목록","프로필","인물","400×400","인물 - 6.webp"
"HO0201","공구 목록","시술","시술","1000×1000","제품 - 16.webp"
"HO0201","공구 목록","시술","시술","1000×1000","제품 - 17.webp"
"HO0201","공구 목록","시술","시술","1000×1000","제품 - 18.webp"
"HO0201","공구 목록","시술","시술","1000×1000","제품 - 1.webp"
"HO0201","공구 목록","시술","시술","1000×1000","제품 - 2.webp"
"HO0201","공구 목록","시술","시술","1000×1000","제품 - 6.webp"
"HO0201","공구 목록","시술","시술","1000×1000","제품 - 7.webp"
"HO0201","공구 목록","시술","시술","1000×1000","제품 - 8.webp"
"HO0201","공구 목록","시술","시술","1000×1000","제품 - 9.webp"
"HO0201","공구 목록","시술","시술","1000×1000","제품 - 11.webp"
"HO0201","공구 목록","시술","시술","1000×1000","제품 - 12.webp"
"HO0202","공구 목록 > 필터 적용 상태","프로필","인물","400×400","인물 - 7.webp"
"HO0202","공구 목록 > 필터 적용 상태","시술","시술","1000×1000","제품 - 13.webp"
"HO0202","공구 목록 > 필터 적용 상태","시술","시술","1000×1000","제품 - 14.webp"
"HO0202","공구 목록 > 필터 적용 상태","시술","시술","1000×1000","제품 - 15.webp"
"HO0202","공구 목록 > 필터 적용 상태","시술","시술","1000×1000","제품 - 16.webp"
"HO0202","공구 목록 > 필터 적용 상태","시술","시술","1000×1000","제품 - 17.webp"
"HO0203","공구 목록 > 로딩(스켈레톤)","프로필","인물","400×400","인물 - 8.webp"
"HO0204","공구 목록 > 관심 찜 토글","프로필","인물","400×400","인물 - 9.webp"
"HO0204","공구 목록 > 관심 찜 토글","시술","시술","1000×1000","제품 - 18.webp"
"HO0204","공구 목록 > 관심 찜 토글","시술","시술","1000×1000","제품 - 1.webp"
"HO0204","공구 목록 > 관심 찜 토글","시술","시술","1000×1000","제품 - 2.webp"
"HO0204","공구 목록 > 관심 찜 토글","시술","시술","1000×1000","제품 - 6.webp"
"HO0301","마감 임박 타임딜","프로필","인물","400×400","인물 - 12.webp"
"HO0301","마감 임박 타임딜","상품 사진","시술","1000×1000","제품 - 7.webp"
"HO0301","마감 임박 타임딜","상품 사진","시술","1000×1000","제품 - 8.webp"
"HO0301","마감 임박 타임딜","상품 사진","시술","1000×1000","제품 - 9.webp"
"HO0301","마감 임박 타임딜","상품 사진","시술","1000×1000","제품 - 11.webp"
"HO0301","마감 임박 타임딜","상품 사진","시술","1000×1000","제품 - 12.webp"
"HO0301","마감 임박 타임딜","상품 사진","시술","1000×1000","제품 - 13.webp"
"HO0301","마감 임박 타임딜","시술","시술","1000×1000","제품 - 14.webp"
"HO0301","마감 임박 타임딜","시술","시술","1000×1000","제품 - 15.webp"
"HO0302","마감 임박 타임딜 > 1시간 내 마감 필터","프로필","인물","400×400","인물 - 13.webp"
"HO0302","마감 임박 타임딜 > 1시간 내 마감 필터","상품 사진","시술","1000×1000","제품 - 16.webp"
"HO0302","마감 임박 타임딜 > 1시간 내 마감 필터","상품 사진","시술","1000×1000","제품 - 17.webp"
"HO0302","마감 임박 타임딜 > 1시간 내 마감 필터","상품 사진","시술","1000×1000","제품 - 18.webp"
"HO0302","마감 임박 타임딜 > 1시간 내 마감 필터","상품 사진","시술","1000×1000","제품 - 1.webp"
"HO0302","마감 임박 타임딜 > 1시간 내 마감 필터","상품 사진","시술","1000×1000","제품 - 2.webp"
"HO0302","마감 임박 타임딜 > 1시간 내 마감 필터","상품 사진","시술","1000×1000","제품 - 6.webp"
"HO0303","마감 임박 타임딜 > 알림 신청 완료","프로필","인물","400×400","인물 - 14.webp"
"HO0303","마감 임박 타임딜 > 알림 신청 완료","상품 사진","시술","1000×1000","제품 - 7.webp"
"HO0303","마감 임박 타임딜 > 알림 신청 완료","상품 사진","시술","1000×1000","제품 - 8.webp"
"HO0303","마감 임박 타임딜 > 알림 신청 완료","상품 사진","시술","1000×1000","제품 - 9.webp"
"HO0303","마감 임박 타임딜 > 알림 신청 완료","상품 사진","시술","1000×1000","제품 - 11.webp"
"HO0303","마감 임박 타임딜 > 알림 신청 완료","상품 사진","시술","1000×1000","제품 - 12.webp"
"HO0303","마감 임박 타임딜 > 알림 신청 완료","상품 사진","시술","1000×1000","제품 - 13.webp"
"HO0401","공구 목록 - 결과 없음","프로필","인물","400×400","인물 - 15.webp"
"HO0401","공구 목록 - 결과 없음","시술","시술","1000×1000","제품 - 14.webp"
"HO0401","공구 목록 - 결과 없음","시술","시술","1000×1000","제품 - 15.webp"
"HO0401","공구 목록 - 결과 없음","시술","시술","1000×1000","제품 - 16.webp"
"HO0401","공구 목록 - 결과 없음","시술","시술","1000×1000","제품 - 17.webp"
"HO0402","공구 목록 - 결과 없음 > 추천 로딩","프로필","인물","400×400","인물 - 16.webp"
"HS0101","진행자 시작 안내","프로필","인물","400×400","인물 - 17.webp"
"HS0101","진행자 시작 안내","프로필","인물","400×400","인물 - 18.webp"
"HS0101","진행자 시작 안내","프로필","인물","400×400","인물 - 19.webp"
"HS0101","진행자 시작 안내","프로필","인물","400×400","인물 - 20.webp"
"HS0102","진행자 시작 안내 > 수수료·정산 상세","프로필","인물","400×400","인물 - 1.webp"
"HS0103","진행자 시작 안내 > FAQ 확장","프로필","인물","400×400","인물 - 2.webp"
"HS0201","공구 개설 폼","프로필","인물","400×400","인물 - 4.webp"
"HS0201","공구 개설 폼","시술","시술","1000×1000","제품 - 18.webp"
"HS0201","공구 개설 폼","시술","시술","1000×1000","제품 - 1.webp"
"HS0201","공구 개설 폼","시술","시술","1000×1000","제품 - 2.webp"
"HS0202","공구 개설 폼 > 단계별 가격 설정","프로필","인물","400×400","인물 - 5.webp"
"HS0202","공구 개설 폼 > 단계별 가격 설정","시술","시술","1000×1000","제품 - 6.webp"
"HS0202","공구 개설 폼 > 단계별 가격 설정","시술","시술","1000×1000","제품 - 7.webp"
"HS0202","공구 개설 폼 > 단계별 가격 설정","시술","시술","1000×1000","제품 - 8.webp"
"HS0203","공구 개설 폼 > 유효성 오류 상태","프로필","인물","400×400","인물 - 6.webp"
"HS0203","공구 개설 폼 > 유효성 오류 상태","시술","시술","1000×1000","제품 - 9.webp"
"HS0203","공구 개설 폼 > 유효성 오류 상태","시술","시술","1000×1000","제품 - 11.webp"
"HS0203","공구 개설 폼 > 유효성 오류 상태","시술","시술","1000×1000","제품 - 12.webp"
"HS0204","공구 개설 폼 > 임시 저장 상태","프로필","인물","400×400","인물 - 7.webp"
"HS0204","공구 개설 폼 > 임시 저장 상태","시술","시술","1000×1000","제품 - 13.webp"
"HS0204","공구 개설 폼 > 임시 저장 상태","시술","시술","1000×1000","제품 - 14.webp"
"HS0204","공구 개설 폼 > 임시 저장 상태","시술","시술","1000×1000","제품 - 15.webp"
"HS0205","공구 개설 폼 > 개설 미리보기","프로필","인물","400×400","인물 - 8.webp"
"HS0205","공구 개설 폼 > 개설 미리보기","상품 대표 사진","시술","1000×1000","제품 - 16.webp"
"HS0205","공구 개설 폼 > 개설 미리보기","시술","시술","1000×1000","제품 - 17.webp"
"HS0205","공구 개설 폼 > 개설 미리보기","시술","시술","1000×1000","제품 - 18.webp"
"HS0301","개설 검수 대기·반려","프로필","인물","400×400","인물 - 9.webp"
"HS0301","개설 검수 대기·반려","상품 사진","시술","1000×1000","제품 - 1.webp"
"HS0302","개설 검수 대기·반려 > 승인됨","프로필","인물","400×400","인물 - 12.webp"
"HS0303","개설 검수 대기·반려 > 반려됨","프로필","인물","400×400","인물 - 13.webp"
"HS0303","개설 검수 대기·반려 > 반려됨","상품 사진","시술","1000×1000","제품 - 2.webp"
"JO0101","옵션·수량 선택","프로필","인물","400×400","인물 - 14.webp"
"JO0101","옵션·수량 선택","상품 사진","시술","1000×1000","제품 - 6.webp"
"JO0102","옵션·수량 선택 > 옵션 미선택 오류","프로필","인물","400×400","인물 - 15.webp"
"JO0102","옵션·수량 선택 > 옵션 미선택 오류","상품 사진","시술","1000×1000","제품 - 7.webp"
"JO0103","옵션·수량 선택 > 재고 부족 상태","프로필","인물","400×400","인물 - 16.webp"
"JO0103","옵션·수량 선택 > 재고 부족 상태","상품 사진","시술","1000×1000","제품 - 8.webp"
"JO0104","옵션·수량 선택 > 배송지 변경","프로필","인물","400×400","인물 - 17.webp"
"JO0104","옵션·수량 선택 > 배송지 변경","상품 사진","시술","1000×1000","제품 - 9.webp"
"JO0201","참여 결제","프로필","인물","400×400","인물 - 18.webp"
"JO0201","참여 결제","상품 사진","시술","1000×1000","제품 - 11.webp"
"JO0202","참여 결제 > 동의 미체크 상태","프로필","인물","400×400","인물 - 19.webp"
"JO0202","참여 결제 > 동의 미체크 상태","상품 사진","시술","1000×1000","제품 - 12.webp"
"JO0203","참여 결제 > 쿠폰·적립금 적용","프로필","인물","400×400","인물 - 20.webp"
"JO0203","참여 결제 > 쿠폰·적립금 적용","상품 사진","시술","1000×1000","제품 - 13.webp"
"JO0204","참여 결제 > 결제수단 선택 확장","프로필","인물","400×400","인물 - 1.webp"
"JO0204","참여 결제 > 결제수단 선택 확장","상품 사진","시술","1000×1000","제품 - 14.webp"
"JO0301","참여 완료","프로필","인물","400×400","인물 - 2.webp"
"JO0301","참여 완료","시술","시술","1000×1000","제품 - 15.webp"
"JO0301","참여 완료","시술","시술","1000×1000","제품 - 16.webp"
"JO0301","참여 완료","시술","시술","1000×1000","제품 - 17.webp"
"JO0301","참여 완료","시술","시술","1000×1000","제품 - 18.webp"
"JO0302","참여 완료 > 공유 시트 열림","프로필","인물","400×400","인물 - 4.webp"
"JO0302","참여 완료 > 공유 시트 열림","시술","시술","1000×1000","제품 - 1.webp"
"JO0302","참여 완료 > 공유 시트 열림","시술","시술","1000×1000","제품 - 2.webp"
"JO0302","참여 완료 > 공유 시트 열림","시술","시술","1000×1000","제품 - 6.webp"
"JO0302","참여 완료 > 공유 시트 열림","시술","시술","1000×1000","제품 - 7.webp"
"JO0303","참여 완료 > 초대 보상 안내","프로필","인물","400×400","인물 - 5.webp"
"JO0303","참여 완료 > 초대 보상 안내","시술","시술","1000×1000","제품 - 8.webp"
"JO0303","참여 완료 > 초대 보상 안내","시술","시술","1000×1000","제품 - 9.webp"
"JO0303","참여 완료 > 초대 보상 안내","시술","시술","1000×1000","제품 - 11.webp"
"JO0303","참여 완료 > 초대 보상 안내","시술","시술","1000×1000","제품 - 12.webp"
"JO0401","결제 실패","프로필","인물","400×400","인물 - 6.webp"
"JO0401","결제 실패","상품 사진","시술","1000×1000","제품 - 13.webp"
"JO0402","결제 실패 > 사유별 변형(한도·취소)","프로필","인물","400×400","인물 - 7.webp"
"JO0402","결제 실패 > 사유별 변형(한도·취소)","상품 사진","시술","1000×1000","제품 - 14.webp"
"MY0101","내 공구함","프로필","인물","400×400","인물 - 8.webp"
"MY0101","내 공구함","상품 사진","시술","1000×1000","제품 - 15.webp"
"MY0101","내 공구함","상품 사진","시술","1000×1000","제품 - 16.webp"
"MY0101","내 공구함","상품 사진","시술","1000×1000","제품 - 17.webp"
"MY0101","내 공구함","상품 사진","시술","1000×1000","제품 - 18.webp"
"MY0102","내 공구함 > 성사 탭","프로필","인물","400×400","인물 - 9.webp"
"MY0102","내 공구함 > 성사 탭","상품 사진","시술","1000×1000","제품 - 1.webp"
"MY0103","내 공구함 > 불발 탭","프로필","인물","400×400","인물 - 12.webp"
"MY0103","내 공구함 > 불발 탭","상품 사진","시술","1000×1000","제품 - 2.webp"
"MY0104","내 공구함 > 배송/완료 탭","프로필","인물","400×400","인물 - 13.webp"
"MY0104","내 공구함 > 배송/완료 탭","상품 사진","시술","1000×1000","제품 - 6.webp"
"MY0201","참여 상세","프로필","인물","400×400","인물 - 14.webp"
"MY0201","참여 상세","상품 사진","시술","1000×1000","제품 - 7.webp"
"MY0202","참여 상세 > 진행 중 상태","프로필","인물","400×400","인물 - 15.webp"
"MY0202","참여 상세 > 진행 중 상태","상품 사진","시술","1000×1000","제품 - 8.webp"
"MY0203","참여 상세 > 성사-차액 환급 상태","프로필","인물","400×400","인물 - 16.webp"
"MY0203","참여 상세 > 성사-차액 환급 상태","상품 사진","시술","1000×1000","제품 - 9.webp"
"MY0204","참여 상세 > 배송 조회 상태","프로필","인물","400×400","인물 - 17.webp"
"MY0204","참여 상세 > 배송 조회 상태","상품 사진","시술","1000×1000","제품 - 11.webp"
"MY0301","참여 취소·환불 요청","프로필","인물","400×400","인물 - 18.webp"
"MY0301","참여 취소·환불 요청","상품 사진","시술","1000×1000","제품 - 12.webp"
"MY0302","참여 취소·환불 요청 > 성사 후 반품 규정","프로필","인물","400×400","인물 - 19.webp"
"MY0302","참여 취소·환불 요청 > 성사 후 반품 규정","상품 사진","시술","1000×1000","제품 - 13.webp"
"MY0303","참여 취소·환불 요청 > 취소 확인 모달","프로필","인물","400×400","인물 - 20.webp"
"MY0303","참여 취소·환불 요청 > 취소 확인 모달","상품 사진","시술","1000×1000","제품 - 14.webp"
"MY0401","내 공구함 - 비어 있음","프로필","인물","400×400","인물 - 1.webp"
"MY0401","내 공구함 - 비어 있음","시술","시술","1000×1000","제품 - 15.webp"
"MY0401","내 공구함 - 비어 있음","시술","시술","1000×1000","제품 - 16.webp"
"MY0401","내 공구함 - 비어 있음","시술","시술","1000×1000","제품 - 17.webp"
"MY0401","내 공구함 - 비어 있음","시술","시술","1000×1000","제품 - 18.webp"
"MY0401","내 공구함 - 비어 있음","시술","시술","1000×1000","제품 - 1.webp"
"MY0401","내 공구함 - 비어 있음","시술","시술","1000×1000","제품 - 2.webp"
"MY0401","내 공구함 - 비어 있음","시술","시술","1000×1000","제품 - 6.webp"
"MY0401","내 공구함 - 비어 있음","시술","시술","1000×1000","제품 - 7.webp"
"RV0101","후기 작성·목록","프로필","인물","400×400","인물 - 2.webp"
"RV0101","후기 작성·목록","상품 사진","시술","1000×1000","제품 - 8.webp"
"RV0101","후기 작성·목록","후기 사진","후기","1000×1000","제품 - 4.webp"
"RV0101","후기 작성·목록","후기 사진","후기","1000×1000","제품 - 10.webp"
"RV0101","후기 작성·목록","프로필","인물","400×400","인물 - 4.webp"
"RV0101","후기 작성·목록","후기 사진","후기","1000×1000","제품 - 19.webp"
"RV0101","후기 작성·목록","후기 사진","후기","1000×1000","제품 - 20.webp"
"RV0101","후기 작성·목록","프로필","인물","400×400","인물 - 5.webp"
"RV0101","후기 작성·목록","프로필","인물","400×400","인물 - 6.webp"
"RV0101","후기 작성·목록","후기 사진","후기","1000×1000","제품 - 1.webp"
"RV0101","후기 작성·목록","후기 사진","후기","1000×1000","제품 - 2.webp"
"RV0101","후기 작성·목록","프로필","인물","400×400","인물 - 7.webp"
"RV0102","후기 작성·목록 > 후기 작성 폼","프로필","인물","400×400","인물 - 8.webp"
"RV0102","후기 작성·목록 > 후기 작성 폼","상품 사진","시술","1000×1000","제품 - 9.webp"
"RV0102","후기 작성·목록 > 후기 작성 폼","후기 사진","후기","1000×1000","제품 - 4.webp"
"RV0102","후기 작성·목록 > 후기 작성 폼","후기 사진","후기","1000×1000","제품 - 10.webp"
"RV0102","후기 작성·목록 > 후기 작성 폼","프로필","인물","400×400","인물 - 9.webp"
"RV0102","후기 작성·목록 > 후기 작성 폼","후기 사진","후기","1000×1000","제품 - 19.webp"
"RV0102","후기 작성·목록 > 후기 작성 폼","후기 사진","후기","1000×1000","제품 - 20.webp"
"RV0102","후기 작성·목록 > 후기 작성 폼","프로필","인물","400×400","인물 - 12.webp"
"RV0102","후기 작성·목록 > 후기 작성 폼","프로필","인물","400×400","인물 - 13.webp"
"RV0102","후기 작성·목록 > 후기 작성 폼","후기 사진","후기","1000×1000","제품 - 1.webp"
"RV0102","후기 작성·목록 > 후기 작성 폼","후기 사진","후기","1000×1000","제품 - 2.webp"
"RV0102","후기 작성·목록 > 후기 작성 폼","프로필","인물","400×400","인물 - 14.webp"
"RV0103","후기 작성·목록 > 작성 완료","프로필","인물","400×400","인물 - 15.webp"
"RV0103","후기 작성·목록 > 작성 완료","프로필","인물","400×400","인물 - 16.webp"
"RV0103","후기 작성·목록 > 작성 완료","후기 사진","후기","1000×1000","제품 - 4.webp"
"RV0103","후기 작성·목록 > 작성 완료","후기 사진","후기","1000×1000","제품 - 10.webp"
"RV0104","후기 작성·목록 > 포토후기 필터","프로필","인물","400×400","인물 - 17.webp"
"RV0104","후기 작성·목록 > 포토후기 필터","상품 사진","시술","1000×1000","제품 - 11.webp"
"RV0104","후기 작성·목록 > 포토후기 필터","후기 사진","후기","1000×1000","제품 - 19.webp"
"RV0104","후기 작성·목록 > 포토후기 필터","후기 사진","후기","1000×1000","제품 - 20.webp"
"RV0104","후기 작성·목록 > 포토후기 필터","시술","시술","1000×1000","제품 - 12.webp"
"RV0104","후기 작성·목록 > 포토후기 필터","시술","시술","1000×1000","제품 - 13.webp"
"RV0104","후기 작성·목록 > 포토후기 필터","시술","시술","1000×1000","제품 - 14.webp"
"RV0104","후기 작성·목록 > 포토후기 필터","시술","시술","1000×1000","제품 - 15.webp"
"RV0104","후기 작성·목록 > 포토후기 필터","시술","시술","1000×1000","제품 - 16.webp"
"RV0104","후기 작성·목록 > 포토후기 필터","시술","시술","1000×1000","제품 - 17.webp"
"RV0104","후기 작성·목록 > 포토후기 필터","시술","시술","1000×1000","제품 - 18.webp"
"RV0104","후기 작성·목록 > 포토후기 필터","시술","시술","1000×1000","제품 - 1.webp"
"RV0104","후기 작성·목록 > 포토후기 필터","시술","시술","1000×1000","제품 - 2.webp"
"RV0104","후기 작성·목록 > 포토후기 필터","시술","시술","1000×1000","제품 - 6.webp"
"RV0104","후기 작성·목록 > 포토후기 필터","시술","시술","1000×1000","제품 - 7.webp"
"RV0104","후기 작성·목록 > 포토후기 필터","시술","시술","1000×1000","제품 - 8.webp"
"RV0104","후기 작성·목록 > 포토후기 필터","프로필","인물","400×400","인물 - 18.webp"
"RV0104","후기 작성·목록 > 포토후기 필터","후기 사진","후기","1000×1000","제품 - 4.webp"
"RV0104","후기 작성·목록 > 포토후기 필터","후기 사진","후기","1000×1000","제품 - 10.webp"
"RV0104","후기 작성·목록 > 포토후기 필터","프로필","인물","400×400","인물 - 19.webp"
"RV0104","후기 작성·목록 > 포토후기 필터","후기 사진","후기","1000×1000","제품 - 9.webp"
"RV0104","후기 작성·목록 > 포토후기 필터","후기 사진","후기","1000×1000","제품 - 3.webp"
"RV0201","상품 문의(Q&A)","프로필","인물","400×400","인물 - 20.webp"
"RV0201","상품 문의(Q&A)","프로필","인물","400×400","인물 - 1.webp"
"RV0201","상품 문의(Q&A)","프로필","인물","400×400","인물 - 2.webp"
"RV0201","상품 문의(Q&A)","프로필","인물","400×400","인물 - 4.webp"
"RV0201","상품 문의(Q&A)","프로필","인물","400×400","인물 - 5.webp"
"RV0202","상품 문의(Q&A) > 문의 작성 폼","프로필","인물","400×400","인물 - 6.webp"
"RV0202","상품 문의(Q&A) > 문의 작성 폼","프로필","인물","400×400","인물 - 7.webp"
"RV0202","상품 문의(Q&A) > 문의 작성 폼","프로필","인물","400×400","인물 - 8.webp"
"RV0202","상품 문의(Q&A) > 문의 작성 폼","프로필","인물","400×400","인물 - 9.webp"
"RV0202","상품 문의(Q&A) > 문의 작성 폼","프로필","인물","400×400","인물 - 12.webp"
"RV0203","상품 문의(Q&A) > 비공개 문의 표시","프로필","인물","400×400","인물 - 13.webp"
"RV0203","상품 문의(Q&A) > 비공개 문의 표시","프로필","인물","400×400","인물 - 14.webp"
"RV0203","상품 문의(Q&A) > 비공개 문의 표시","프로필","인물","400×400","인물 - 15.webp"
"RV0203","상품 문의(Q&A) > 비공개 문의 표시","프로필","인물","400×400","인물 - 16.webp"
"RV0203","상품 문의(Q&A) > 비공개 문의 표시","프로필","인물","400×400","인물 - 17.webp"
"RV0203","상품 문의(Q&A) > 비공개 문의 표시","프로필","인물","400×400","인물 - 18.webp"
"RV0203","상품 문의(Q&A) > 비공개 문의 표시","프로필","인물","400×400","인물 - 19.webp"
"RV0204","상품 문의(Q&A) > 답변 완료 상태","프로필","인물","400×400","인물 - 20.webp"
"RV0204","상품 문의(Q&A) > 답변 완료 상태","프로필","인물","400×400","인물 - 1.webp"
"RV0204","상품 문의(Q&A) > 답변 완료 상태","프로필","인물","400×400","인물 - 2.webp"
"RV0301","관심 공구·알림함","프로필","인물","400×400","인물 - 4.webp"
"RV0301","관심 공구·알림함","상품 사진","시술","1000×1000","제품 - 9.webp"
"RV0301","관심 공구·알림함","상품 사진","시술","1000×1000","제품 - 11.webp"
"RV0301","관심 공구·알림함","상품 사진","시술","1000×1000","제품 - 12.webp"
"RV0302","관심 공구·알림함 > 알림함 탭","프로필","인물","400×400","인물 - 5.webp"
"RV0303","관심 공구·알림함 > 빈 상태","프로필","인물","400×400","인물 - 6.webp"
"RV0303","관심 공구·알림함 > 빈 상태","시술","시술","1000×1000","제품 - 13.webp"
"RV0303","관심 공구·알림함 > 빈 상태","시술","시술","1000×1000","제품 - 14.webp"
"RV0303","관심 공구·알림함 > 빈 상태","시술","시술","1000×1000","제품 - 15.webp"
"RV0303","관심 공구·알림함 > 빈 상태","시술","시술","1000×1000","제품 - 16.webp"
"SE0101","정산 내역","프로필","인물","400×400","인물 - 7.webp"
"SE0102","정산 내역 > 보류 상태","프로필","인물","400×400","인물 - 8.webp"
"SE0103","정산 내역 > 기간 필터","프로필","인물","400×400","인물 - 9.webp"
"SE0104","정산 내역 > 세금계산서 발행","프로필","인물","400×400","인물 - 12.webp"
"SE0201","정산 계좌·세금 설정","프로필","인물","400×400","인물 - 13.webp"
"SE0202","정산 계좌·세금 설정 > 계좌 인증","프로필","인물","400×400","인물 - 14.webp"
"SE0203","정산 계좌·세금 설정 > 사업자 등록","프로필","인물","400×400","인물 - 15.webp"
"SE0301","정산 상세","프로필","인물","400×400","인물 - 16.webp"
"SE0302","정산 상세 > 세금계산서 다운로드","프로필","인물","400×400","인물 - 17.webp"
