파일,어디서받았나,주소
인물 - 1.png,픽사베이 (Pixabay),https://pixabay.com
인물 - 10.png,픽사베이 (Pixabay),https://pixabay.com
인물 - 11.png,픽사베이 (Pixabay),https://pixabay.com
인물 - 12.png,픽사베이 (Pixabay),https://pixabay.com
인물 - 13.png,픽사베이 (Pixabay),https://pixabay.com
인물 - 14.png,픽사베이 (Pixabay),https://pixabay.com
인물 - 15.png,픽사베이 (Pixabay),https://pixabay.com
인물 - 16.png,픽사베이 (Pixabay),https://pixabay.com
인물 - 17.png,픽사베이 (Pixabay),https://pixabay.com
인물 - 18.png,픽사베이 (Pixabay),https://pixabay.com
인물 - 19.png,픽사베이 (Pixabay),https://pixabay.com
인물 - 2.png,픽사베이 (Pixabay),https://pixabay.com
인물 - 20.png,픽사베이 (Pixabay),https://pixabay.com
인물 - 3.png,픽사베이 (Pixabay),https://pixabay.com
인물 - 4.png,픽사베이 (Pixabay),https://pixabay.com
인물 - 5.png,픽사베이 (Pixabay),https://pixabay.com
인물 - 6.png,픽사베이 (Pixabay),https://pixabay.com
인물 - 7.png,픽사베이 (Pixabay),https://pixabay.com
인물 - 8.png,픽사베이 (Pixabay),https://pixabay.com
인물 - 9.png,픽사베이 (Pixabay),https://pixabay.com
